model,weight
年度同小时基准模型,0.999999984316825
日历画像中位数模型,0.0
近期修正季节模型,1.5683174845967533e-08
岭回归自回归模型,0.0
