model,weight
年度同小时基准模型,0.9998376637359921
日历画像中位数模型,3.624974991471439e-11
近期修正季节模型,5.1350832175914415e-12
岭回归自回归模型,2.753493363696758e-12
指数平滑时间序列模型,0.0
LSTM深度学习模型,0.00016233621986942563
